"ID","Key","Value"
"id-3650d1ae2e5f4b19a3d2939e8e8961bc","Directed","false"
"id-4514ae579163441fb7f15d43e8e83cdd","Access_Type","Write"
"id-ce7804e80a1c4c2c9b1010824f8d84dc","Access_Type","Write"
"id-2dd163ba45254b6bb6135352cdfa4640","Access_Type","Write"
"id-f826a0f1252d40e4830bc548f229c855","Directed","false"
"id-9835b27c2c174bb1852b337210557ce6","Directed","false"
"id-5678ba86ec144ca195a2e697a76f1a56","Access_Type","Write"
"id-47409ddb691c4689a4b87c568693a3d8","Directed","false"
"id-53db0daa81374c2da1e7dbd6ad9202a0","Directed","false"